"id","shortcode","type","is_video","video_url","dimension.height","dimension.width","display_url","thumbnail_src","owner.id","owner.username","description","comments","likes","views","comments_disabled","taken_at_timestamp","location.id","location.has_public_page","location.name","location.slug","hashtags","mentions","tagged_users","location"
"2992242049411386263","CmGlEpVJwuX","GraphVideo",true,"https://instagram.fala7-1.fna.fbcdn.net/o1/v/t16/f1/m82/E14B426EC8EE43E04A1B46379F5A1483_video_dashinit.mp4?efg=eyJxZV9ncm91cHMiOiJbXCJpZ193ZWJfZGVsaXZlcnlfdnRzX290ZlwiXSIsInZlbmNvZGVfdGFnIjoidnRzX3ZvZF91cmxnZW4uNzIwLmNsaXBzLmJhc2VsaW5lIn0&_nc_ht=instagram.fala7-1.fna.fbcdn.net&_nc_cat=104&vs=1176289746649399_2171947479&_nc_vs=HBksFQIYT2lnX3hwdl9yZWVsc19wZXJtYW5lbnRfcHJvZC9FMTRCNDI2RUM4RUU0M0UwNEExQjQ2Mzc5RjVBMTQ4M192aWRlb19kYXNoaW5pdC5tcDQVAALIAQAVABgkR0ZYQUVoUEpaUjNsQWhnQ0FNNTF5blI3QkU5YWJxX0VBQUFGFQICyAEAKAAYABsAFQAAJq7Qj8z2%2B9s%2FFQIoAkMzLBdATeZmZmZmZhgSZGFzaF9iYXNlbGluZV8xX3YxEQB1%2FgcA&ccb=9-4&oh=00_AfCAJx11X_Gl0tYhO2tpvrnw7l1n6KKiGX5Vvq5NqcU2VQ&oe=6434D91A&_nc_sid=86f79a",1333,750,"https://instagram.fala7-1.fna.fbcdn.net/v/t51.2885-15/319671983_711521013737362_6677954199077731470_n.jpg?stp=dst-jpg_e15&_nc_ht=instagram.fala7-1.fna.fbcdn.net&_nc_cat=110&_nc_ohc=eeZfqLBX8AsAX_Wz-7T&edm=APU89FABAAAA&ccb=7-5&oh=00_AfAw30mMCiL_SsvAO6aJHtbd1oDOKDLndD3MbnVS-nIYiQ&oe=6434E732&_nc_sid=86f79a","https://instagram.fala7-1.fna.fbcdn.net/v/t51.2885-15/319671983_711521013737362_6677954199077731470_n.jpg?stp=c0.280.720.720a_dst-jpg_e15_s640x640&_nc_ht=instagram.fala7-1.fna.fbcdn.net&_nc_cat=110&_nc_ohc=eeZfqLBX8AsAX_Wz-7T&edm=APU89FABAAAA&ccb=7-5&oh=00_AfA1FobR1yXs4GqYQA9lOYX7LCc3dzbo3w1COnp4bTIazg&oe=6434E732&_nc_sid=86f79a","52045961290","kimika_detailing","–í—Å–µ–º –ø—Ä–∏–≤–µ—Ç!!!
–•–æ—Ç–∏–º –≤–∞–º –Ω–∞–ø–æ–º–Ω–∏—Ç—å,—á—Ç–æ –Ω–∞—à–∞ –î–µ—Ç–µ–π–ª–∏–Ω–≥ —Å—Ç—É–¥–∏—è –ø—Ä–µ–¥—Å—Ç–∞–≤–ª—è–µ—Ç —à–∏—Ä–æ–∫–∏–π —Å–ø–µ–∫—Ç—Ä —É—Å–ª—É–≥:

‚úÖ–ó–∞—â–∏—Ç–∞ –∫—É–∑–æ–≤–∞ –ø—Ä–µ–º–∏–∞–ª—å–Ω–æ–π –∞–Ω—Ç–∏–≥—Ä–∞–≤–∏–π–Ω–æ–π –±—Ä–æ–Ω–µ–ø–ª–µ–Ω–∫–æ–π(LLUMAR,SUNTEK,ULTRAVISION)
(–¢–ê–ö–ñ–ï –î–ï–ô–°–¢–í–£–ï–¢ –°–ö–ò–î–ö–ê 10% –î–û –ö–û–ù–¶–ê –ì–û–î–ê)
‚úÖ–®—É–º–æ–∏–∑–æ–ª—è—Ü–∏—è –∞–≤—Ç–æ–º–æ–±–∏–ª—è –º–∞—Ç–µ—Ä–∏–∞–ª–æ–º –ø—Ä–µ–º–∏—É–º –∏ —Å—Ä–µ–¥–Ω–µ–≥–æ –∫–ª–∞—Å—Å–∞
‚úÖ–£—Å—Ç–∞–Ω–æ–≤–∫–∞ –æ—Ö—Ä–∞–Ω–Ω–æ–≥–æ –∫–æ–º–ø–ª–µ–∫—Å–∞ PANDORA –∏ STARLINE –≥–∞—Ä–∞–Ω—Ç–∏—è 3 –≥–æ–¥–∞
‚úÖ–ü—Ä–æ—Ñ–µ—Å—Å–∏–æ–Ω–∞–ª—å–Ω–∞—è –ø–æ–ª–∏—Ä–æ–≤–∫–∞ –∫—É–∑–æ–≤–∞
‚úÖ–ü–æ–∫—Ä—ã—Ç–∏–µ –∫—É–∑–æ–≤–∞ –∫–µ—Ä–∞–º–∏—á–µ—Å–∫–∏–º —Å–æ—Å—Ç–∞–≤–æ–º –æ—Ç –ø—Ä–æ–∏–∑–≤–æ–¥–∏—Ç–µ–ª–µ–π KOCH,SONAX,GYEON
‚úÖ–î–µ—Ç–µ–π–ª–∏–Ω–≥ –∞–≤—Ç–æ–º–æ–±–∏–ª—è 
 
–ò –º–Ω–æ–≥–æ–µ –¥—Ä—É–≥–æ–µüòâ

–ò –≤—Å—ë —ç—Ç–æ –≤ @kimika_detailing üî•
‚Äî‚Äî‚Äî‚Äî‚Äî‚Äî‚Äî‚Äî‚Äî‚Äî‚Äî‚Äî‚Äî‚Äî‚Äî‚Äî‚Äî‚Äî‚Äî‚Äî‚Äî-
–£ –Ω–∞—Å —Ç–∞–∫ –∂–µ –∏–º–µ–µ—Ç—Å—è —Ä–∞—Å—Å—Ä–æ—á–∫–∞ –æ—Ç 3 –¥–æ 24 –º.
–æ—Ç:üî∏KASPIüî∏HALYKüî∏JUSANüî∏FREEDOM –ï—Å–ª–∏ –≤—ã —Ö–æ—Ç–∏—Ç–µ –ø–æ–ª—É—á–∏—Ç—å –∫–∞—á–µ—Å—Ç–≤–µ–Ω–Ω—ã–µ —É—Å–ª—É–≥–∏ –¥–µ—Ç–µ–π–ª–∏–Ω–≥–∞ –∏ –∑–∞—â–∏—Ç—ã –∞–≤—Ç–æ–º–æ–±–∏–ª—è,—Ç–æ –ø–∏—à–∏—Ç–µ –Ω–∞–º –Ω–∞ WhatsApp –∏ –∑–≤–æ–Ω–∏—Ç–µ –ø–æ –Ω–æ–º–µ—Ä—É —É–∫–∞–∑–∞–Ω–Ω–æ–º—É –Ω–∏–∂–µ ‚¨áÔ∏è 
‚Äî‚Äî‚Äî‚Äî‚Äî‚Äî‚Äî‚Äî‚Äî‚Äî‚Äî‚Äî‚Äî‚Äî‚Äî‚Äî‚Äî‚Äî‚Äî‚Äî‚Äî‚Äî
üìç–≥.–ü–∞–≤–ª–æ–¥–∞—Ä,—É–ª.–ë–∞—Ä–Ω–∞—É–ª—å—Å–∫–∞—è 2
üì≤+7(771)-444-7000
üì≤+7(701)-1940-999
‚è≥—Å 9:00-18:00
üìÜ—Å –ü–Ω-–°–±

–ú—ã —Ä–∞–¥—ã –≤–∏–¥–µ—Ç—å –∫–∞–∂–¥–æ–≥–æ –∏–∑ –≤–∞—Åü§ù",0,378,18711,true,1670923176,"276438878",true,"–ö–∞–∑–∞—Ö—Å—Ç–∞–Ω, –ü–∞–≤–ª–æ–¥–∞—Ä","","[]","[""@kimika_detailing""]","[]",
"3042331705413062192","Co4iJEuDc4w","GraphVideo",true,"https://instagram.fala7-1.fna.fbcdn.net/v/t66.30100-16/10000000_242598751431675_6080446287896519262_n.mp4?_nc_ht=instagram.fala7-1.fna.fbcdn.net&_nc_cat=103&_nc_ohc=6dbld92lcNEAX_SBs8q&edm=APU89FABAAAA&ccb=7-5&oh=00_AfDvb1z7azPEHH53xAEryuHsDsnRnOiHKPKBS2Yt5RA23A&oe=6434D3CB&_nc_sid=86f79a",1920,1080,"https://instagram.fala7-1.fna.fbcdn.net/v/t51.2885-15/331803061_568763751952669_8380612288364694865_n.jpg?stp=dst-jpg_e35_p1080x1080_sh0.08&_nc_ht=instagram.fala7-1.fna.fbcdn.net&_nc_cat=101&_nc_ohc=CJ7PlZBqr0UAX_Sml0S&edm=APU89FABAAAA&ccb=7-5&oh=00_AfDrak2QBxFN_2vgDsxm6U5PfqrbgvIxeXqSmQKUWiQJ9w&oe=64344B35&_nc_sid=86f79a","https://instagram.fala7-1.fna.fbcdn.net/v/t51.2885-15/331803061_568763751952669_8380612288364694865_n.jpg?stp=c0.882.2268.2268a_dst-jpg_e35_s640x640_sh0.08&_nc_ht=instagram.fala7-1.fna.fbcdn.net&_nc_cat=101&_nc_ohc=CJ7PlZBqr0UAX_Sml0S&edm=APU89FABAAAA&ccb=7-5&oh=00_AfAniNp6yeza-W3xGzsK5VEeHiIHmhoudh-ax9WtQ2iqtQ&oe=64344B35&_nc_sid=86f79a","52045961290","kimika_detailing","–ü—Ä–æ—Ü–µ—Å—Å —Ä–∞–±–æ—Ç—ã: Mercedes-Benz W213
–ø–æ–ª–∏—Ä–æ–≤–∫–∞ + –Ω–∞–Ω–æ–∫–µ—Ä–∞–º–∏–∫–∞ –æ—Ç –ø—Ä–æ–∏–∑–≤–æ–¥–∏—Ç–µ–ª—è Koch Chemie Ceramic Allround C0.01 

–ù–∞–Ω–æ–∫–µ—Ä–∞–º–∏–∫–∞-–æ–¥–∏–Ω –∏–∑ –Ω–∞–∏–±–æ–ª–µ–µ –Ω–∞–¥—ë–∂–Ω—ã—Ö —Å–ø–æ—Å–æ–±–æ–≤ –∑–∞—â–∏—Ç—ã –∫—É–∑–æ–≤–∞ –∞–≤—Ç–æ–º–æ–±–∏–ª—è –æ—Ç –≤–Ω–µ—à–Ω–∏—Ö –≤–ª–∏—è–Ω–∏–π.–°–æ–≤—Ä–µ–º–µ–Ω–Ω–æ–µ –∫–µ—Ä–∞–º–∏—á–µ—Å–∫–æ–µ –ø–æ–∫—Ä—ã—Ç–∏–µ –ø–æ–∑–≤–æ–ª—è–µ—Ç –Ω–µ —Ç–æ–ª—å–∫–æ —Å–¥–µ–ª–∞—Ç—å –∫—É–∑–æ–≤ –±–æ–ª–µ–µ —Å—Ç–æ–π–∫–∏–º –∫ –∫–æ—Ä—Ä–æ–∑–∏–∏,—Ä–∂–∞–≤—á–∏–Ω–µ,—Å–∫–æ–ª–∞–º –∏ —Ü–∞—Ä–∞–ø–∏–Ω–∞–º,–Ω–æ –∏ –ø—Ä–∏–¥–∞—Å—Ç –ª–∞–∫–æ–∫—Ä–∞—Å–æ—á–Ω–æ–π –ø–æ–≤–µ—Ä—Ö–Ω–æ—Å—Ç–∏ –∏–¥–µ–∞–ª—å–Ω—É—é –≥–ª–∞–¥–∫–æ—Å—Ç—å —Å–æ —Å–ø–µ—Ü–∏—Ñ–∏—á–µ—Å–∫–∏–º –∑–µ—Ä–∫–∞–ª—å–Ω—ã–º –±–ª–µ—Å–∫–æ–º. 

–í —Ä–∞–±–æ—Ç–µ –º—ã –∏—Å–ø–æ–ª—å–∑—É–µ–º - KOCH,SONAX(–ø—Ä–æ–∏–∑–≤–æ–¥—Å—Ç–≤–æ –ì–µ—Ä–º–∞–Ω–∏—è)
GYEON(–ø—Ä–æ–∏–∑–≤–æ–¥—Å—Ç–≤–æ –ö–æ—Ä–µ—è)

‚ûñ‚ûñ‚ûñ‚ûñ‚ûñ‚ûñ‚ûñ‚ûñ‚ûñ‚ûñ‚ûñ‚ûñ‚ûñ‚ûñ‚ûñ‚ûñ

‚úÖ–ó–∞—â–∏—Ç–∞ –∫—É–∑–æ–≤–∞ –ø—Ä–µ–º–∏–∞–ª—å–Ω–æ–π –∞–Ω—Ç–∏–≥—Ä–∞–≤–∏–π–Ω–æ–π –±—Ä–æ–Ω–µ–ø–ª–µ–Ω–∫–æ–π
‚úÖ–®—É–º–æ–∏–∑–æ–ª—è—Ü–∏—è –∞–≤—Ç–æ–º–æ–±–∏–ª—è
‚úÖ–£—Å—Ç–∞–Ω–æ–≤–∫–∞ –æ—Ö—Ä–∞–Ω–Ω–æ–≥–æ –∫–æ–º–ø–ª–µ–∫—Å–∞ PANDORA –∏ STARLINE –≥–∞—Ä–∞–Ω—Ç–∏—è –¥–æ 5 –ª–µ—Ç
‚úÖ–ü—Ä–æ—Ñ–µ—Å—Å–∏–æ–Ω–∞–ª—å–Ω–∞—è –ø–æ–ª–∏—Ä–æ–≤–∫–∞ –∫—É–∑–æ–≤–∞
‚úÖ–ü–æ–∫—Ä—ã—Ç–∏–µ –∫—É–∑–æ–≤–∞ –∫–µ—Ä–∞–º–∏—á–µ—Å–∫–∏–º —Å–æ—Å—Ç–∞–≤–æ–º –æ—Ç –ø—Ä–æ–∏–∑–≤–æ–¥–∏—Ç–µ–ª–µ–π KOCH,SONAX,GYEON
‚úÖ–î–µ—Ç–µ–π–ª–∏–Ω–≥ –∞–≤—Ç–æ–º–æ–±–∏–ª—è 
 
–ò –º–Ω–æ–≥–æ–µ –¥—Ä—É–≥–æ–µüòâ

@kimika_detailing üî•
‚Äî‚Äî‚Äî‚Äî‚Äî‚Äî‚Äî‚Äî‚Äî‚Äî‚Äî‚Äî‚Äî‚Äî‚Äî‚Äî‚Äî‚Äî‚Äî‚Äî
–†–∞—Å—Å—Ä–æ—á–∫–∞ –¥–æ 12 –º–µ—Å—è—Ü–µ–≤
–æ—Ç:üî∏KASPIüî∏HALYKüî∏JUSANüî∏FREEDOM 

–ï—Å–ª–∏ –≤—ã —Ö–æ—Ç–∏—Ç–µ –ø–æ–ª—É—á–∏—Ç—å –∫–∞—á–µ—Å—Ç–≤–µ–Ω–Ω—ã–µ —É—Å–ª—É–≥–∏ –¥–µ—Ç–µ–π–ª–∏–Ω–≥–∞ –∏ –∑–∞—â–∏—Ç—ã –∞–≤—Ç–æ–º–æ–±–∏–ª—è,—Ç–æ –ø–∏—à–∏—Ç–µ –Ω–∞–º –Ω–∞ WhatsApp –∏–ª–∏ –∑–≤–æ–Ω–∏—Ç–µ –ø–æ –Ω–æ–º–µ—Ä—É —É–∫–∞–∑–∞–Ω–Ω–æ–º—É –Ω–∏–∂–µ ‚¨áÔ∏è 
‚Äî‚Äî‚Äî‚Äî‚Äî‚Äî‚Äî‚Äî‚Äî‚Äî‚Äî‚Äî‚Äî‚Äî‚Äî‚Äî‚Äî‚Äî‚Äî‚Äî‚Äî‚Äî
üìç–≥.–ü–∞–≤–ª–æ–¥–∞—Ä,—É–ª.–ë–∞—Ä–Ω–∞—É–ª—å—Å–∫–∞—è 2
üì≤+7(771)-444-7000
üì≤+7(701)-1940-999
‚è≥—Å 9:00-18:00
üìÜ—Å –ü–Ω-–°–±

–ú—ã —Ä–∞–¥—ã –≤–∏–¥–µ—Ç—å –∫–∞–∂–¥–æ–≥–æ –∏–∑ –≤–∞—Åü§ù",3,77,832,false,1676894559,,,,,"[]","[""@kimika_detailing""]","[]",
"3040985000498558394","Cozv78CAfW6","GraphVideo",true,"https://instagram.fala7-1.fna.fbcdn.net/v/t66.30100-16/10000000_938567194251897_1518016812688307292_n.mp4?_nc_ht=instagram.fala7-1.fna.fbcdn.net&_nc_cat=109&_nc_ohc=v7QJXPJL4YgAX9Bt8f1&edm=APU89FABAAAA&ccb=7-5&oh=00_AfCePHr7vXG7EckU2VsNuts1FqdFm5eJJ9VeS1ML6pR9iw&oe=64344BA2&_nc_sid=86f79a",1333,750,"https://instagram.fala7-1.fna.fbcdn.net/v/t51.2885-15/332011194_866964441077864_3028281988288017293_n.jpg?stp=dst-jpg_e15&_nc_ht=instagram.fala7-1.fna.fbcdn.net&_nc_cat=108&_nc_ohc=BEw8xt7A7EAAX97zokc&edm=APU89FABAAAA&ccb=7-5&oh=00_AfBa31tWOZQGvBC_i7jEGxoTgPN3cQQSi6KhccScv0cz6A&oe=6434607A&_nc_sid=86f79a","https://instagram.fala7-1.fna.fbcdn.net/v/t51.2885-15/332011194_866964441077864_3028281988288017293_n.jpg?stp=c0.280.720.720a_dst-jpg_e15_s640x640&_nc_ht=instagram.fala7-1.fna.fbcdn.net&_nc_cat=108&_nc_ohc=BEw8xt7A7EAAX97zokc&edm=APU89FABAAAA&ccb=7-5&oh=00_AfAgD4d73ETXpcmPuL1ZcPI1PTVrnfWGx4LXoCV-OZeocg&oe=6434607A&_nc_sid=86f79a","52045961290","kimika_detailing","–ó–∞—â–∏—Ç–∞ –∫—É–∑–æ–≤–∞ –∞–Ω—Ç–∏–≥—Ä–∞–≤–∏–π–Ω–æ–π –ø–ª–µ–Ω–∫–æ–π –ø–æ–∑–≤–æ–ª—è–µ—Ç

1. –°–æ—Ö—Ä–∞–Ω–∏—Ç—å –≤–Ω–µ—à–Ω–∏–π –≤–∏–¥ –∞–≤—Ç–æ–º–æ–±–∏–ª—è 
2. –ü—Ä–µ–¥–æ—Ç–≤—Ä–∞—â–∞–µ—Ç —Ü–∞—Ä–∞–ø–∏–Ω—ã –Ω–∞ –ª–∞–∫–æ–∫—Ä–∞—Å–æ—á–Ω–æ–º –ø–æ–∫—Ä—ã—Ç–∏–∏.
3. –ü–æ–∑–≤–æ–ª—è–µ—Ç –∏–∑–±–µ–∂–∞—Ç—å —Å–∫–æ–ª–æ–≤ –≤ —Å–ª—É—á–∞–µ –≤–æ–∑–Ω–∏–∫–Ω–æ–≤–µ–Ω–∏—è –Ω–µ–±–æ–ª—å—à–æ–≥–æ –î–¢–ü.
4. –ó–∞—â–∏—â–∞–µ—Ç –ø–æ–≤–µ—Ä—Ö–Ω–æ—Å—Ç—å –∞–≤—Ç–æ –æ—Ç –Ω–µ–≥–∞—Ç–∏–≤–Ω–æ–≥–æ –≤–æ–∑–¥–µ–π—Å—Ç–≤–∏—è —Ä–∞–∑–ª–∏—á–Ω—ã—Ö —Ö–∏–º–∏—á–µ—Å–∫–∏—Ö –ø—Ä–µ–ø–∞—Ä–∞—Ç–æ–≤.
5. –Ø–≤–ª—è–µ—Ç—Å—è –ø—Ä–æ–∑—Ä–∞—á–Ω–æ–π, –ø—Ä–æ–ø—É—Å–∫–∞—é—â–µ–π —É–ª—å—Ç—Ä–∞—Ñ–∏–æ–ª–µ—Ç–æ–≤—ã–µ –ª—É—á–∏, –Ω–æ –≤ —Ç–æ –∂–µ –≤—Ä–µ–º—è –Ω–µ –ø—Ä–∏–≤–æ–¥–∏—Ç –∫ –Ω–µ—Ä–∞–≤–Ω–æ–º–µ—Ä–Ω–æ–º—É –≤—ã–≥–æ—Ä–∞–Ω–∏—é –∫—Ä–∞—Å–∫–∏.
6. –ù–µ –Ω—É–∂–¥–∞–µ—Ç—Å—è –≤ –æ—Å–æ–±–æ–º —É—Ö–æ–¥–µ, –µ–µ –º–æ–∂–Ω–æ –ø–æ–ª–∏—Ä–æ–≤–∞—Ç—å –∏–ª–∏ –º—ã—Ç—å. –ò—Å–ø–æ–ª—å–∑—É—è –ø—Ä–∏ –º–æ–π–∫–µ –∞–ø–ø–∞—Ä–∞—Ç –≤—ã—Å–æ–∫–æ–≥–æ –¥–∞–≤–ª–µ–Ω–∏—è –Ω—É–∂–Ω–æ –ø—Ä–∏–¥–µ—Ä–∂–∏–≤–∞—Ç—å—Å—è —Ä–∞—Å—Å—Ç–æ—è–Ω–∏—è 50-—Ç–∏ —Å–º.

‚ûñ‚ûñ‚ûñ‚ûñ‚ûñ‚ûñ‚ûñ‚ûñ‚ûñ‚ûñ‚ûñ‚ûñ‚ûñ‚ûñ‚ûñ‚ûñ

‚úÖ–ó–∞—â–∏—Ç–∞ –∫—É–∑–æ–≤–∞ –ø—Ä–µ–º–∏–∞–ª—å–Ω–æ–π –∞–Ω—Ç–∏–≥—Ä–∞–≤–∏–π–Ω–æ–π –±—Ä–æ–Ω–µ–ø–ª–µ–Ω–∫–æ–π
‚úÖ–®—É–º–æ–∏–∑–æ–ª—è—Ü–∏—è –∞–≤—Ç–æ–º–æ–±–∏–ª—è
‚úÖ–£—Å—Ç–∞–Ω–æ–≤–∫–∞ –æ—Ö—Ä–∞–Ω–Ω–æ–≥–æ –∫–æ–º–ø–ª–µ–∫—Å–∞ PANDORA –∏ STARLINE –≥–∞—Ä–∞–Ω—Ç–∏—è –¥–æ 5 –ª–µ—Ç
‚úÖ–ü—Ä–æ—Ñ–µ—Å—Å–∏–æ–Ω–∞–ª—å–Ω–∞—è –ø–æ–ª–∏—Ä–æ–≤–∫–∞ –∫—É–∑–æ–≤–∞
‚úÖ–ü–æ–∫—Ä—ã—Ç–∏–µ –∫—É–∑–æ–≤–∞ –∫–µ—Ä–∞–º–∏—á–µ—Å–∫–∏–º —Å–æ—Å—Ç–∞–≤–æ–º –æ—Ç –ø—Ä–æ–∏–∑–≤–æ–¥–∏—Ç–µ–ª–µ–π KOCH,SONAX,GYEON
‚úÖ–î–µ—Ç–µ–π–ª–∏–Ω–≥ –∞–≤—Ç–æ–º–æ–±–∏–ª—è 
 
–ò –º–Ω–æ–≥–æ–µ –¥—Ä—É–≥–æ–µüòâ

@kimika_detailing üî•
‚Äî‚Äî‚Äî‚Äî‚Äî‚Äî‚Äî‚Äî‚Äî‚Äî‚Äî‚Äî‚Äî‚Äî‚Äî‚Äî‚Äî‚Äî‚Äî
–†–∞—Å—Å—Ä–æ—á–∫–∞ –¥–æ 12 –º–µ—Å—è—Ü–µ–≤
–æ—Ç:üî∏KASPIüî∏HALYKüî∏JUSANüî∏FREEDOM 

–ï—Å–ª–∏ –≤—ã —Ö–æ—Ç–∏—Ç–µ –ø–æ–ª—É—á–∏—Ç—å –∫–∞—á–µ—Å—Ç–≤–µ–Ω–Ω—ã–µ —É—Å–ª—É–≥–∏ –¥–µ—Ç–µ–π–ª–∏–Ω–≥–∞ –∏ –∑–∞—â–∏—Ç—ã –∞–≤—Ç–æ–º–æ–±–∏–ª—è,—Ç–æ –ø–∏—à–∏—Ç–µ –Ω–∞–º –Ω–∞ WhatsApp –∏–ª–∏ –∑–≤–æ–Ω–∏—Ç–µ –ø–æ –Ω–æ–º–µ—Ä—É —É–∫–∞–∑–∞–Ω–Ω–æ–º—É –Ω–∏–∂–µ ‚¨áÔ∏è 
‚Äî‚Äî‚Äî‚Äî‚Äî‚Äî‚Äî‚Äî‚Äî‚Äî‚Äî‚Äî‚Äî‚Äî‚Äî‚Äî‚Äî‚Äî‚Äî‚Äî‚Äî‚Äî
üìç–≥.–ü–∞–≤–ª–æ–¥–∞—Ä,—É–ª.–ë–∞—Ä–Ω–∞—É–ª—å—Å–∫–∞—è 2
üì≤+7(771)-444-7000
üì≤+7(701)-1940-999
‚è≥—Å 9:00-18:00
üìÜ—Å –ü–Ω-–°–±",0,49,1968,false,1676733859,,,,,"[]","[""@kimika_detailing""]","[]",
"3033540293471663864","CoZTNMUNnb4","GraphSidecar",false,,809,1080,"https://instagram.fala7-1.fna.fbcdn.net/v/t51.2885-15/329655769_588640079794105_8649663386607764805_n.jpg?stp=dst-jpg_e35_s1080x1080&_nc_ht=instagram.fala7-1.fna.fbcdn.net&_nc_cat=101&_nc_ohc=VqVqJU5u_1MAX_xmLuo&edm=APU89FABAAAA&ccb=7-5&oh=00_AfCfAo1vt1r37ROm-lqq87pGPD3JKFmaZBiqhfuq1lfOzg&oe=6437FDED&_nc_sid=86f79a","https://instagram.fala7-1.fna.fbcdn.net/v/t51.2885-15/329655769_588640079794105_8649663386607764805_n.jpg?stp=c180.0.1079.1079a_dst-jpg_e35_s640x640_sh0.08&_nc_ht=instagram.fala7-1.fna.fbcdn.net&_nc_cat=101&_nc_ohc=VqVqJU5u_1MAX_xmLuo&edm=APU89FABAAAA&ccb=7-5&oh=00_AfCSmRDLn4kVnBLchUJqb0WWqbF9al1ZpQRrl-LtLDa8kw&oe=6437FDED&_nc_sid=86f79a","52045961290","kimika_detailing","–ó–∞—â–∏—Ç–∞ –ø–ª–∞—Å—Ç–∏–∫–∞ —Å–∞–ª–æ–Ω–∞ –∏ –¥–≤–µ—Ä–Ω—ã—Ö –∫–∞—Ä—Ç —á–µ—Ä–Ω–æ–π —Ç–µ–∫—Å—Ç—É—Ä–Ω–æ–π –ø–ª–µ–Ω–∫–æ–π –æ—Ç –ø—Ä–æ–∏–∑–≤–æ–¥–∏—Ç–µ–ª—è HEXISüòé

–û–∫–ª–µ–π–∫–∞ –ø–ª–∞—Å—Ç–∏–∫–∞ —Å–∞–ª–æ–Ω–∞ –ø–ª–µ–Ω–∫–æ–π HEXIS
–ø–æ–∑–≤–æ–ª—è–µ—Ç —Å–æ—Ö—Ä–∞–Ω–∏—Ç—å –≤–Ω–µ—à–Ω–∏–π –≤–∏–¥, –∑–∞—â–∏—Ç–∏—Ç—å –æ—Ç —Ü–∞—Ä–∞–ø–∏–Ω, –º–µ–ª–∫–∏—Ö –ø–æ–≤—Ä–µ–∂–¥–µ–Ω–∏–π –∏ –≤—ã–≥–æ—Ä–∞–Ω–∏—è –ø–ª–∞—Å—Ç–∏–∫–∞

–¶–µ–Ω–∞ –∑–∞ –∫–æ–º–ø–ª–µ–∫—Å 80 000 —Ç–Ω–≥.
–í –∫–æ–º–ø–ª–µ–∫—Å–µ –ø–æ –∑–∞—â–∏—Ç–µ –ø–ª–∞—Å—Ç–∏–∫–∞ —Å–∞–ª–æ–Ω–∞ –≤—Ö–æ–¥–∏—Ç:
–ü–æ—Ä–æ–≥–∏
–ö–∏–∫ –ø–∞–Ω–µ–ª—å
–ó–∞–¥–Ω—è—è –Ω–∏–∂–Ω—è—è —á–∞—Å—Ç—å —Ü–µ–Ω—Ç—Ä–∞–ª—å–Ω–æ–π –∫–æ–Ω—Å–æ–ª–∏
–£–≥–æ–ª–∫–∏ –Ω–∞ —Ü–µ–Ω—Ç—Ä–∞–ª—å–Ω—ã—Ö —Å—Ç–æ–π–∫–∞—Ö
–£–≥–æ–ª–∫–∏ –Ω–∞ —Å–∏–¥–µ–Ω—å—è—Ö
–ù–∏–∂–Ω—è—è —á–∞—Å—Ç—å –¥–≤–µ—Ä–Ω—ã—Ö –∫–∞—Ä—Ç
‚ûñ‚ûñ‚ûñ‚ûñ‚ûñ‚ûñ‚ûñ‚ûñ‚ûñ‚ûñ‚ûñ‚ûñ‚ûñ‚ûñ‚ûñ‚ûñ

‚úÖ–ó–∞—â–∏—Ç–∞ –∫—É–∑–æ–≤–∞ –ø—Ä–µ–º–∏–∞–ª—å–Ω–æ–π –∞–Ω—Ç–∏–≥—Ä–∞–≤–∏–π–Ω–æ–π –±—Ä–æ–Ω–µ–ø–ª–µ–Ω–∫–æ–π
‚úÖ–®—É–º–æ–∏–∑–æ–ª—è—Ü–∏—è –∞–≤—Ç–æ–º–æ–±–∏–ª—è
‚úÖ–£—Å—Ç–∞–Ω–æ–≤–∫–∞ –æ—Ö—Ä–∞–Ω–Ω–æ–≥–æ –∫–æ–º–ø–ª–µ–∫—Å–∞ PANDORA –∏ STARLINE –≥–∞—Ä–∞–Ω—Ç–∏—è –¥–æ 5 –ª–µ—Ç
‚úÖ–ü—Ä–æ—Ñ–µ—Å—Å–∏–æ–Ω–∞–ª—å–Ω–∞—è –ø–æ–ª–∏—Ä–æ–≤–∫–∞ –∫—É–∑–æ–≤–∞
‚úÖ–ü–æ–∫—Ä—ã—Ç–∏–µ –∫—É–∑–æ–≤–∞ –∫–µ—Ä–∞–º–∏—á–µ—Å–∫–∏–º —Å–æ—Å—Ç–∞–≤–æ–º –æ—Ç –ø—Ä–æ–∏–∑–≤–æ–¥–∏—Ç–µ–ª–µ–π KOCH,SONAX,GYEON
‚úÖ–î–µ—Ç–µ–π–ª–∏–Ω–≥ –∞–≤—Ç–æ–º–æ–±–∏–ª—è 
 
–ò –º–Ω–æ–≥–æ–µ –¥—Ä—É–≥–æ–µüòâ

@kimika_detailing üî•
‚Äî‚Äî‚Äî‚Äî‚Äî‚Äî‚Äî‚Äî‚Äî‚Äî‚Äî‚Äî‚Äî‚Äî‚Äî‚Äî‚Äî‚Äî‚Äî‚Äî‚Äî
–†–∞—Å—Å—Ä–æ—á–∫–∞ –¥–æ 12 –º–µ—Å—è—Ü–µ–≤
–æ—Ç:üî∏KASPIüî∏HALYKüî∏JUSANüî∏FREEDOM 

–ï—Å–ª–∏ –≤—ã —Ö–æ—Ç–∏—Ç–µ –ø–æ–ª—É—á–∏—Ç—å –∫–∞—á–µ—Å—Ç–≤–µ–Ω–Ω—ã–µ —É—Å–ª—É–≥–∏ –¥–µ—Ç–µ–π–ª–∏–Ω–≥–∞ –∏ –∑–∞—â–∏—Ç—ã –∞–≤—Ç–æ–º–æ–±–∏–ª—è,—Ç–æ –ø–∏—à–∏—Ç–µ –Ω–∞–º –Ω–∞ WhatsApp –∏–ª–∏ –∑–≤–æ–Ω–∏—Ç–µ –ø–æ –Ω–æ–º–µ—Ä—É —É–∫–∞–∑–∞–Ω–Ω–æ–º—É –Ω–∏–∂–µ ‚¨áÔ∏è 
‚Äî‚Äî‚Äî‚Äî‚Äî‚Äî‚Äî‚Äî‚Äî‚Äî‚Äî‚Äî‚Äî‚Äî‚Äî‚Äî‚Äî‚Äî‚Äî‚Äî‚Äî‚Äî
üìç–≥.–ü–∞–≤–ª–æ–¥–∞—Ä,—É–ª.–ë–∞—Ä–Ω–∞—É–ª—å—Å–∫–∞—è 2
üì≤+7(771)-444-7000
üì≤+7(701)-1940-999
‚è≥—Å 9:00-18:00
üìÜ—Å –ü–Ω-–°–±

–ú—ã —Ä–∞–¥—ã –≤–∏–¥–µ—Ç—å –∫–∞–∂–¥–æ–≥–æ –∏–∑ –≤–∞—Åü§ù",0,42,,false,1675846204,"276438878",true,"–ö–∞–∑–∞—Ö—Å—Ç–∞–Ω, –ü–∞–≤–ª–æ–¥–∞—Ä","","[]","[""@kimika_detailing""]","[]",